id,title_tr,title_ar,pattern_ar,pattern_tr,note_tr,source_pages,tags,examples,slots,audio_key
p001,İhtiyaç belirtme,التعبير عن الحاجة,{pronoun} بِحاجَةٍ إِلى {object},{kişi} {nesneye} ihtiyaç duyuyor.,إِلى'dan sonra ismin yönelme/ilişki anlamı kuvvetlenir.,"[52, 56, 60]","[""core"", ""need""]","[{""ar"": ""أَنا بِحاجَةٍ إِلى حَليبٍ."", ""tr"": ""Süte ihtiyacım var.""}, {""ar"": ""هُوَ بِحاجَةٍ إِلى الخُبْزِ."", ""tr"": ""Onun ekmeğe ihtiyacı var.""}]","{""pronoun"": [""أَنا"", ""أَنْتَ"", ""أَنْتِ"", ""هُوَ"", ""هِيَ""], ""object"": [""خُبْز"", ""سُكَّر"", ""مِلْح"", ""حَليب"", ""تُفّاح"", ""بَطاطا"", ""فاصوليا""]}",u2_pattern_p001
p002,İstemek,طلب الشيء,أُريدُ {object},{nesneyi} istiyorum.,أُريدُ tek başına doğrudan istek bildirir.,"[52, 56, 64, 67]","[""core"", ""request""]","[{""ar"": ""أُريدُ خُبْزًا طازَجًا."", ""tr"": ""Taze ekmek istiyorum.""}, {""ar"": ""أُريدُ كيلوغرامًا واحِدًا."", ""tr"": ""Bir kilogram istiyorum.""}]","{""object"": [""خُبْز"", ""سُكَّر"", ""مِلْح"", ""حَليب"", ""تُفّاح"", ""بَطاطا"", ""فاصوليا"", ""كيلو"", ""كيلوغرام"", ""عُلْبَة"", ""عُلْبَتان"", ""ثَلاثَة كيلوغرامات""]}",u2_pattern_p002
p003,Satın almak istemek,إرادة الشراء,أُريدُ أَنْ أَشْتَري {object},{nesne} satın almak istiyorum.,أَنْ + fiil mastar anlamı verir.,"[67, 76]","[""request""]","[{""ar"": ""أُريدُ أَنْ أَشْتَري بَعْضَ الخُضَرِ."", ""tr"": ""Biraz sebze satın almak istiyorum.""}, {""ar"": ""أُريدُ أَنْ أَشْتَري مَوْزًا."", ""tr"": ""Muz satın almak istiyorum.""}]","{""object"": [""بَعْضَ الخُضَرِ"", ""مَوْزًا"", ""تُفّاحًا"", ""حَليبًا""]}",u2_pattern_p003
p004,Birinden isteme,الطلب من شخص,أَطْلُبُ مِنْكَ {quantity} مِنْ {object},Senden {miktar} {nesne} istiyorum.,مِنْكَ hitap edilen kişiden isteme anlamı verir.,"[56, 60]","[""request""]","[{""ar"": ""أَطْلُبُ مِنْكَ كيلو سُكَّرٍ."", ""tr"": ""Senden bir kilo şeker istiyorum.""}, {""ar"": ""أَطْلُبُ مِنْكَ عُلْبَةَ مِلْحٍ."", ""tr"": ""Senden bir kutu tuz istiyorum.""}]","{""quantity"": [""كيلو"", ""كيلوغرام"", ""عُلْبَة"", ""عُلْبَتان"", ""ثَلاثَة كيلوغرامات""], ""object"": [""خُبْز"", ""سُكَّر"", ""مِلْح"", ""حَليب"", ""تُفّاح"", ""بَطاطا"", ""فاصوليا""]}",u2_pattern_p004
p005,Fiyat sorma,السؤال عن السعر,بِكَم {item}؟,{ürün} kaç lira?,بِكَم fiyat sormak için kullanılır.,"[52, 67, 70, 71]","[""price"", ""question""]","[{""ar"": ""بِكَم البَصَلُ؟"", ""tr"": ""Soğan kaç lira?""}, {""ar"": ""بِكَم الفاصوليا؟"", ""tr"": ""Fasulye kaç lira?""}]","{""item"": [""البَصَلُ"", ""الفاصوليا"", ""المَوْزُ"", ""التُّفّاحُ""]}",u2_pattern_p005
p006,Fiyat söyleme,الإخبار عن السعر,{item} بِـ{number} ليرات,{ürün} {sayı} lira.,B fiyat bildirirken بِـ kullanılır.,"[67, 70, 71]","[""price""]","[{""ar"": ""البَصَلُ بِأَرْبَعِ ليراتٍ."", ""tr"": ""Soğan dört lira.""}, {""ar"": ""الفاصوليا بِتِسْعِ ليراتٍ."", ""tr"": ""Fasulye dokuz lira.""}]","{""item"": [""البَصَلُ"", ""الفاصوليا"", ""المَوْزُ"", ""الخِيارُ""], ""number"": [""أَرْبَع"", ""خَمْس"", ""سَبْع"", ""تِسْع"", ""عَشْر""]}",u2_pattern_p006
p007,Miktar sorma,السؤال عن الكمية,كَم كيلوغرامًا تُريدُ مِنْ {item}؟,{üründen} kaç kilogram istiyorsun?,كَم miktar/sayı sorar.,"[70, 71]","[""quantity"", ""question""]","[{""ar"": ""كَم كيلوغرامًا تُريدُ مِنَ التُّفّاحِ؟"", ""tr"": ""Elmadan kaç kilogram istiyorsun?""}, {""ar"": ""كَم كيلوغرامًا تُريدُ مِنَ البَطاطا؟"", ""tr"": ""Patatesten kaç kilogram istiyorsun?""}]","{""item"": [""التُّفّاحِ"", ""البَطاطا"", ""الطَّماطِمِ"", ""المَوْزِ""]}",u2_pattern_p007
p008,Miktar cevaplama,الإخبار عن الكمية,أُريدُ {number} كيلوغراماتٍ مِنْ {item},{üründen} {sayı} kilogram istiyorum.,Sayı-miktar ilişkisinde kalıp hazır olarak verilir.,"[64, 70, 76]","[""quantity""]","[{""ar"": ""أُريدُ ثَلاثَةَ كيلوغراماتٍ مِنَ المِشْمِشِ."", ""tr"": ""Kayısıdan üç kilogram istiyorum.""}, {""ar"": ""أُريدُ كيلوغرامًا واحِدًا مِنْ كُلِّ نَوْعٍ."", ""tr"": ""Her çeşitten bir kilogram istiyorum.""}]","{""number"": [""ثَلاثَةَ"", ""كيلوغرامًا واحِدًا""], ""item"": [""المِشْمِشِ"", ""التُّفّاحِ"", ""البَطاطا""]}",u2_pattern_p008
p009,Başka bir şey sorma,السؤال عن شيء آخر,هَل تُريدُ شيئًا آخَر؟,Başka bir şey ister misin?,تُريدينَ kadın muhatap için kullanılır.,"[56, 76, 77]","[""dialogue""]","[{""ar"": ""هَل تُريدينَ شيئًا آخَر؟"", ""tr"": ""Başka bir şey ister misin?""}, {""ar"": ""هَل تُريدُ شيئًا آخَر؟"", ""tr"": ""Başka bir şey ister misin?""}]",{},u2_pattern_p009
p010,Olumlu/olumsuz cevap,الجواب بنعم أو لا,نَعَم، أُريدُ {object}. / لا، شُكْرًا.,"Evet, {nesne} istiyorum. / Hayır, teşekkürler.",Diyalog kapatma ve kibar cevap için kullanılır.,"[67, 76, 87]","[""dialogue""]","[{""ar"": ""نَعَم، أُريدُ عُلْبَةً مِنَ الحَليبِ."", ""tr"": ""Evet, bir kutu süt istiyorum.""}, {""ar"": ""لا، شُكْرًا جَزيلًا. هذا كافٍ."", ""tr"": ""Hayır, çok teşekkürler. Bu yeterli.""}]","{""object"": [""خُبْز"", ""سُكَّر"", ""مِلْح"", ""حَليب"", ""تُفّاح"", ""بَطاطا"", ""فاصوليا""]}",u2_pattern_p010
p011,Satıcı karşılama,تحية البائع,أَهْلًا وَسَهْلًا، أَيُّ خِدْمَةٍ؟,"Hoş geldiniz, nasıl yardımcı olabilirim?",Bakkal/pazar rol oyunlarının başlangıç kalıbıdır.,"[64, 67, 76]","[""dialogue"", ""greeting""]","[{""ar"": ""أَهْلًا وَسَهْلًا، أَيُّ خِدْمَةٍ يا سَيِّدي؟"", ""tr"": ""Hoş geldiniz, nasıl yardımcı olabilirim efendim?""}]",{},u2_pattern_p011
p012,Satıcının ürün sayması,ذكر المنتجات,عِنْدي {item1}، {item2}، و{item3},"Bende {ürün1}, {ürün2} ve {ürün3} var.",و son unsurdan önce bağlaçtır.,[64],"[""dialogue"", ""vocabulary""]","[{""ar"": ""عِنْدي طَماطِمُ، خِيارٌ، وجَزَرٌ."", ""tr"": ""Bende domates, salatalık ve havuç var.""}, {""ar"": ""عِنْدي تُفّاحٌ، بُرْتُقالٌ، ومَوْزٌ."", ""tr"": ""Bende elma, portakal ve muz var.""}]","{""item1"": [""طَماطِمُ"", ""تُفّاحٌ""], ""item2"": [""خِيارٌ"", ""بُرْتُقالٌ""], ""item3"": [""جَزَرٌ"", ""مَوْزٌ""]}",u2_pattern_p012
p013,Ucuz karşılaştırması,المقارنة بالرخص,{item1} أَرْخَصُ مِنْ {item2},"{ürün1}, {ürün2}den daha ucuz.",Karşılaştırmada مِن kullanılır.,"[52, 67, 74, 82]","[""comparison"", ""price""]","[{""ar"": ""العِنَبُ أَرْخَصُ مِنَ التُّفّاحِ."", ""tr"": ""Üzüm elmadan daha ucuz.""}, {""ar"": ""البَصَلُ أَرْخَصُ مِنَ المِشْمِشِ."", ""tr"": ""Soğan kayısıdan daha ucuz.""}]","{""item1"": [""العِنَبُ"", ""البَصَلُ"", ""التُّفّاحُ""], ""item2"": [""التُّفّاحِ"", ""المِشْمِشِ"", ""المَوْزِ""]}",u2_pattern_p013
p014,Pahalı karşılaştırması,المقارنة بالغلاء,{item1} أَغْلى مِنْ {item2},"{ürün1}, {ürün2}den daha pahalı.",أغلى genellikle fiyat karşılaştırır.,"[52, 67, 74, 82]","[""comparison"", ""price""]","[{""ar"": ""الفاصوليا أَغْلى مِنَ البَطاطا."", ""tr"": ""Fasulye patatesten daha pahalı.""}, {""ar"": ""المَوْزُ أَغْلى مِنَ التُّفّاحِ."", ""tr"": ""Muz elmadan daha pahalı.""}]","{""item1"": [""الفاصوليا"", ""المَوْزُ"", ""المِشْمِشُ""], ""item2"": [""البَطاطا"", ""التُّفّاحِ"", ""البَصَلِ""]}",u2_pattern_p014
p015,Boyut karşılaştırması,المقارنة بالحجم,{item1} أَكْبَرُ/أَصْغَرُ مِنْ {item2},"{ürün1}, {ürün2}den daha büyük/küçük.",Büyük/küçük karşılaştırmaları nesne özellikleri için kullanılır.,"[52, 72, 74]","[""comparison"", ""size""]","[{""ar"": ""البُرْتُقالَةُ أَكْبَرُ مِنَ الكَرَزَةِ."", ""tr"": ""Portakal kirazdan daha büyük.""}, {""ar"": ""الكَرَزَةُ أَصْغَرُ مِنَ البُرْتُقالَةِ."", ""tr"": ""Kiraz portakaldan daha küçük.""}]","{""item1"": [""البُرْتُقالَةُ"", ""الكَرَزَةُ""], ""item2"": [""الكَرَزَةِ"", ""البُرْتُقالَةِ""]}",u2_pattern_p015
p016,Ağırlık karşılaştırması,المقارنة بالوزن,{item1} أَخَفُّ/أَثْقَلُ مِنْ {item2},"{ürün1}, {ürün2}den daha hafif/ağır.",أخفّ ve أثقل ağırlık karşılaştırır.,"[72, 89]","[""comparison"", ""weight""]","[{""ar"": ""الكَرَزُ أَخَفُّ مِنَ البُرْتُقالِ."", ""tr"": ""Kiraz portakaldan daha hafif.""}, {""ar"": ""البُرْتُقالُ أَثْقَلُ مِنَ الكَرَزِ."", ""tr"": ""Portakal kirazdan daha ağır.""}]","{""item1"": [""الكَرَزُ"", ""البُرْتُقالُ""], ""item2"": [""البُرْتُقالِ"", ""الكَرَزِ""]}",u2_pattern_p016
p017,Nereden satın aldın?,السؤال عن مكان الشراء,مِنْ أَيْنَ اشْتَرَيْتَ؟,Nereden satın aldın?,Konuşma etkinliğinde alışveriş yerini sormak için kullanılır.,[78],"[""speaking""]","[{""ar"": ""اشْتَرَيْتُ مِنَ السّوقِ."", ""tr"": ""Pazardan satın aldım.""}, {""ar"": ""اشْتَرَيْتُ مِنَ البَقّالَةِ."", ""tr"": ""Bakkaldan satın aldım.""}]",{},u2_pattern_p017
p018,Ne satın aldın?,السؤال عما اشتريته,ماذا اشْتَرَيْتَ؟,Ne satın aldın?,Cevapta satın alınan ürünler sıralanır.,[78],"[""speaking""]","[{""ar"": ""اشْتَرَيْتُ البَطاطا والطَّماطِمَ والبَصَلَ."", ""tr"": ""Patates, domates ve soğan satın aldım.""}, {""ar"": ""اشْتَرَيْتُ السُّكَّرَ والشّايَ والمِلْحَ."", ""tr"": ""Şeker, çay ve tuz satın aldım.""}]",{},u2_pattern_p018
p019,Alışverişe nereye gidiyorsun?,السؤال عن وجهة التسوق,إِلى أَيْنَ تَذْهَبُ لِلتَّسَوُّقِ؟,Alışveriş için nereye gidiyorsun?,İfade yazma bölümünde kullanılır.,"[80, 82]","[""writing"", ""speaking""]","[{""ar"": ""أَذْهَبُ إِلى السّوقِ لِلتَّسَوُّقِ."", ""tr"": ""Alışveriş için pazara gidiyorum.""}]",{},u2_pattern_p019
p020,Alışveriş listesi yazma,إعداد قائمة التسوق,أُعِدُّ قائِمَةَ التَّسَوُّقِ,Alışveriş listesi hazırlarım.,Yazma kazanımı için temel üretim kalıbıdır.,"[83, 93]","[""writing""]","[{""ar"": ""أُعِدُّ قائِمَةَ التَّسَوُّقِ وأَكْتُبُ الحاجاتِ اليَوْمِيَّةَ."", ""tr"": ""Alışveriş listesi hazırlar ve günlük ihtiyaçları yazarım.""}]",{},u2_pattern_p020
p021,Kibarlık kapanışı,إنهاء الحوار,شُكْرًا، مَعَ السَّلامَةِ,"Teşekkürler, güle güle.",Satıcı-müşteri rol oyunlarında kapanış.,[76],"[""dialogue""]","[{""ar"": ""شُكْرًا، مَعَ السَّلامَةِ."", ""tr"": ""Teşekkürler, güle güle.""}]",{},u2_pattern_p021
p022,Hadis-kültür cümlesi,جملة ثقافية,مَنْ غَشَّنا فَلَيْسَ مِنّا,Bizi aldatan bizden değildir.,Ünitedeki alışveriş ahlakı/kültür bağlantısıdır.,[92],"[""culture""]","[{""ar"": ""مَنْ غَشَّنا فَلَيْسَ مِنّا."", ""tr"": ""Bizi aldatan bizden değildir.""}]",{},u2_pattern_p022
